{
  "test/testsuite.qunit.js": 1733574313327,
  "manifest.json": 1733574402954,
  "test/integration/pages/ServiceOrgsList.js": 1733574313335,
  "test/integration/opaTests.qunit.js": 1733574313331,
  "test/integration/FirstJourney.js": 1733574313343,
  "i18n/i18n.properties": 1733574333130,
  "xs-app.json": 1733850815350,
  "test/integration/pages/ServiceOrgsObjectPage.js": 1733574313335,
  "Component.js": 1733574313299,
  "test/integration/pages/ServiceOrgsList-dbg.js": 1733574313335,
  "test/integration/pages/ServiceOrgsList.js.map": 1733912242762,
  "test/integration/opaTests.qunit-dbg.js": 1733574313331,
  "test/integration/opaTests.qunit.js.map": 1733912242754,
  "test/integration/FirstJourney-dbg.js": 1733574313343,
  "test/integration/FirstJourney.js.map": 1733912242756,
  "test/testsuite.qunit-dbg.js": 1733574313327,
  "test/testsuite.qunit.js.map": 1733912242754,
  "test/integration/pages/ServiceOrgsObjectPage-dbg.js": 1733574313335,
  "test/integration/pages/ServiceOrgsObjectPage.js.map": 1733912242759,
  "Component-dbg.js": 1733574313299,
  "Component.js.map": 1733912242760,
  "Component-preload.js": 1733912243093,
  "Component-preload.js.map": 1733912243093,
  "test/integration/opaTests.qunit.html": 1733574313331,
  "test/testsuite.qunit.html": 1733574313315,
  "test/flpSandbox.html": 1733574313315,
  "index.html": 1733574313299
}